Season,WTeamID,WTeamName,WKenPom,LTeamID,LteamName,LKenPom,KenPomDiff
2002,1373,Siena,-1.21,1108,Alcorn St,-8.71,7.5
2002,1104,Alabama,18.73,1194,FL Atlantic,-2.5,21.23
2002,1112,Arizona,20.54,1364,Santa Barbara,8.87,11.67
2002,1181,Duke,34.19,1457,Winthrop,-5.31,39.5
2002,1231,Indiana,24.8,1428,Utah,14.08,10.72
2002,1242,Kansas,28.99,1221,Holy Cross,-0.24,29.23
2002,1245,Kent,20.39,1329,Oklahoma St,15.8,4.59
2002,1246,Kentucky,22.21,1434,Valparaiso,13.63,8.58
2002,1281,Missouri,-2.62,1274,Miami FL,15.77,-18.39
2002,1323,Notre Dame,19.27,1150,Charlotte,15.73,3.54
2002,1326,Ohio St,19.76,1172,Davidson,3.7,16.06
2002,1332,Oregon,22.97,1285,Montana,-4.51,27.48
2002,1390,Stanford,20.32,1443,WKU,14.51,5.81
2002,1409,Tulsa,15.59,1266,Marquette,21.47,-5.88
2002,1423,UNC Wilmington,11.32,1425,USC,20.67,-9.35
2002,1448,Wake Forest,17.35,1337,Pepperdine,11.72,5.63
2002,1461,Wyoming,11.01,1211,Gonzaga,18.51,-7.5
2002,1143,California,16.03,1335,Penn,12.23,3.8
2002,1153,Cincinnati,30.19,1131,Boston Univ,-2.74,32.93
2002,1163,Connecticut,19.36,1214,Hampton,3.99,15.37
2002,1166,Creighton,11.82,1196,Florida,24.72,-12.9
2002,1208,Georgia,18.44,1293,Murray St,1.35,17.09
2002,1228,Illinois,23.21,1361,San Diego St,9.29,13.92
2002,1268,Maryland,29.25,1373,Siena,-1.21,30.46
2002,1280,Mississippi St,18.25,1270,McNeese St,5.39,12.86
2002,1301,NC State,19.15,1277,Michigan St,16.86,2.29
2002,1328,Oklahoma,26.04,1227,IL Chicago,3.85,22.19
2002,1338,Pittsburgh,19.94,1148,Central Conn,0.93,19.01
2002,1356,S Illinois,17.49,1403,Texas Tech,17.24,0.25
2002,1400,Texas,17.69,1130,Boston College,9.97,7.72
2002,1417,UCLA,16.34,1279,Mississippi,16.68,-0.34
2002,1458,Wisconsin,13.22,1385,St John's,9.06,4.16
2002,1462,Xavier,18.6,1218,Hawaii,13.15,5.45
2002,1112,Arizona,20.54,1461,Wyoming,11.01,9.53
2002,1181,Duke,34.19,1323,Notre Dame,19.27,14.92
2002,1231,Indiana,24.8,1423,UNC Wilmington,11.32,13.48
2002,1242,Kansas,28.99,1390,Stanford,20.32,8.67
2002,1245,Kent,20.39,1104,Alabama,18.73,1.66
2002,1246,Kentucky,22.21,1409,Tulsa,15.59,6.62
2002,1281,Missouri,-2.62,1326,Ohio St,19.76,-22.38
2002,1332,Oregon,22.97,1448,Wake Forest,17.35,5.62
2002,1163,Connecticut,19.36,1301,NC State,19.15,0.21
2002,1228,Illinois,23.21,1166,Creighton,11.82,11.39
2002,1268,Maryland,29.25,1458,Wisconsin,13.22,16.03
2002,1328,Oklahoma,26.04,1462,Xavier,18.6,7.44
2002,1338,Pittsburgh,19.94,1143,California,16.03,3.91
2002,1356,S Illinois,17.49,1208,Georgia,18.44,-0.95
2002,1400,Texas,17.69,1280,Mississippi St,18.25,-0.56
2002,1417,UCLA,16.34,1153,Cincinnati,30.19,-13.85
2002,1231,Indiana,24.8,1181,Duke,34.19,-9.39
2002,1245,Kent,20.39,1338,Pittsburgh,19.94,0.45
2002,1281,Missouri,-2.62,1417,UCLA,16.34,-18.96
2002,1328,Oklahoma,26.04,1112,Arizona,20.54,5.5
2002,1163,Connecticut,19.36,1356,S Illinois,17.49,1.87
2002,1242,Kansas,28.99,1228,Illinois,23.21,5.78
2002,1268,Maryland,29.25,1246,Kentucky,22.21,7.04
2002,1332,Oregon,22.97,1400,Texas,17.69,5.28
2002,1231,Indiana,24.8,1245,Kent,20.39,4.41
2002,1328,Oklahoma,26.04,1281,Missouri,-2.62,28.66
2002,1242,Kansas,28.99,1332,Oregon,22.97,6.02
2002,1268,Maryland,29.25,1163,Connecticut,19.36,9.89
2002,1231,Indiana,24.8,1328,Oklahoma,26.04,-1.24
2002,1268,Maryland,29.25,1242,Kansas,28.99,0.26
2002,1268,Maryland,29.25,1231,Indiana,24.8,4.45
2003,1421,UNC Asheville,-12.35,1411,TX Southern,-5.31,-7.04
2003,1112,Arizona,26.8,1436,Vermont,1.57,25.23
2003,1113,Arizona St,16.49,1272,Memphis,10,6.49
2003,1141,C Michigan,10.01,1166,Creighton,17.54,-7.53
2003,1143,California,13.59,1301,NC State,13.18,0.41
2003,1163,Connecticut,19.54,1140,BYU,17.68,1.86
2003,1181,Duke,23.75,1161,Colorado St,5.96,17.79
2003,1211,Gonzaga,15.58,1153,Cincinnati,14.69,0.89
2003,1228,Illinois,24.47,1443,WKU,11.75,12.72
2003,1242,Kansas,28.62,1429,Utah St,7.41,21.21
2003,1266,Marquette,21.3,1221,Holy Cross,10.4,10.9
2003,1281,Missouri,17.32,1356,S Illinois,16.72,0.6
2003,1323,Notre Dame,20.31,1454,WI Milwaukee,12.97,7.34
2003,1328,Oklahoma,23.01,1354,S Carolina St,-8.59,31.6
2003,1390,Stanford,14.57,1360,San Diego,8.32,6.25
2003,1409,Tulsa,13.04,1173,Dayton,14.53,-1.49
2003,1458,Wisconsin,22.07,1451,Weber St,8.88,13.19
2003,1120,Auburn,13.63,1386,St Joseph's PA,20.75,-7.12
2003,1139,Butler,16.09,1280,Mississippi St,21.53,-5.44
2003,1196,Florida,22.14,1358,Sam Houston St,0.82,21.32
2003,1231,Indiana,14.48,1104,Alabama,14.6,-0.12
2003,1246,Kentucky,29.18,1237,IUPUI,0,29.18
2003,1257,Louisville,22.75,1122,Austin Peay,2.65,20.1
2003,1268,Maryland,22,1423,UNC Wilmington,14.62,7.38
2003,1277,Michigan St,20.26,1160,Colorado,15.27,4.99
2003,1329,Oklahoma St,17.67,1335,Penn,13.35,4.32
2003,1338,Pittsburgh,28.61,1447,Wagner,-1.16,29.77
2003,1345,Purdue,17.42,1261,LSU,18.15,-0.73
2003,1393,Syracuse,23.28,1264,Manhattan,10.04,13.24
2003,1400,Texas,23.49,1421,UNC Asheville,-12.35,35.84
2003,1428,Utah,14.04,1332,Oregon,14.25,-0.21
2003,1448,Wake Forest,19.87,1190,ETSU,1.75,18.12
2003,1462,Xavier,19.88,1407,Troy,6.15,13.73
2003,1112,Arizona,26.8,1211,Gonzaga,15.58,11.22
2003,1163,Connecticut,19.54,1390,Stanford,14.57,4.97
2003,1181,Duke,23.75,1141,C Michigan,10.01,13.74
2003,1242,Kansas,28.62,1113,Arizona St,16.49,12.13
2003,1266,Marquette,21.3,1281,Missouri,17.32,3.98
2003,1323,Notre Dame,20.31,1228,Illinois,24.47,-4.16
2003,1328,Oklahoma,23.01,1143,California,13.59,9.42
2003,1458,Wisconsin,22.07,1409,Tulsa,13.04,9.03
2003,1120,Auburn,13.63,1448,Wake Forest,19.87,-6.24
2003,1139,Butler,16.09,1257,Louisville,22.75,-6.66
2003,1246,Kentucky,29.18,1428,Utah,14.04,15.14
2003,1268,Maryland,22,1462,Xavier,19.88,2.12
2003,1277,Michigan St,20.26,1196,Florida,22.14,-1.88
2003,1338,Pittsburgh,28.61,1231,Indiana,14.48,14.13
2003,1393,Syracuse,23.28,1329,Oklahoma St,17.67,5.61
2003,1400,Texas,23.49,1345,Purdue,17.42,6.07
2003,1112,Arizona,26.8,1323,Notre Dame,20.31,6.49
2003,1242,Kansas,28.62,1181,Duke,23.75,4.87
2003,1246,Kentucky,29.18,1458,Wisconsin,22.07,7.11
2003,1266,Marquette,21.3,1338,Pittsburgh,28.61,-7.31
2003,1277,Michigan St,20.26,1268,Maryland,22,-1.74
2003,1328,Oklahoma,23.01,1139,Butler,16.09,6.92
2003,1393,Syracuse,23.28,1120,Auburn,13.63,9.65
2003,1400,Texas,23.49,1163,Connecticut,19.54,3.95
2003,1242,Kansas,28.62,1112,Arizona,26.8,1.82
2003,1266,Marquette,21.3,1246,Kentucky,29.18,-7.88
2003,1393,Syracuse,23.28,1328,Oklahoma,23.01,0.27
2003,1400,Texas,23.49,1277,Michigan St,20.26,3.23
2003,1242,Kansas,28.62,1266,Marquette,21.3,7.32
2003,1393,Syracuse,23.28,1400,Texas,23.49,-0.21
2003,1393,Syracuse,23.28,1242,Kansas,28.62,-5.34
2004,1197,Florida A&M,-9.35,1250,Lehigh,-7.01,-2.34
2004,1104,Alabama,10,1356,S Illinois,16.5,-6.5
2004,1163,Connecticut,28.3,1436,Vermont,-1.37,29.67
2004,1177,DePaul,11.36,1173,Dayton,9.75,1.61
2004,1181,Duke,32.33,1106,Alabama St,-10.72,43.05
2004,1211,Gonzaga,25.34,1434,Valparaiso,0.53,24.81
2004,1264,Manhattan,13.38,1196,Florida,18.26,-4.88
2004,1268,Maryland,19.81,1431,UTEP,14.69,5.12
2004,1305,Nevada,20.27,1277,Michigan St,15.66,4.61
2004,1314,North Carolina,23.23,1102,Air Force,15.42,7.81
2004,1371,Seton Hall,17.35,1112,Arizona,16.18,1.17
2004,1386,St Joseph's PA,27.66,1251,Liberty,-2.5,30.16
2004,1390,Stanford,22.52,1427,UT San Antonio,0,22.52
2004,1393,Syracuse,16.34,1140,BYU,15.64,0.7
2004,1400,Texas,21.54,1343,Princeton,4.86,16.68
2004,1403,Texas Tech,17.11,1150,Charlotte,14.25,2.86
2004,1448,Wake Forest,21.69,1433,VA Commonwealth,9.09,12.6
2004,1130,Boston College,15.42,1428,Utah,14.13,1.29
2004,1153,Cincinnati,21.56,1190,ETSU,8.6,12.96
2004,1210,Georgia Tech,24.69,1320,Northern Iowa,8.78,15.91
2004,1228,Illinois,22.11,1293,Murray St,10.62,11.49
2004,1242,Kansas,20.89,1227,IL Chicago,10.39,10.5
2004,1246,Kentucky,23.35,1197,Florida A&M,-9.35,32.7
2004,1272,Memphis,16.17,1376,South Carolina,15.02,1.15
2004,1280,Mississippi St,21.74,1284,Monmouth NJ,-3.99,25.73
2004,1301,NC State,23.98,1418,ULL,0,23.98
2004,1329,Oklahoma St,27.37,1186,E Washington,0,27.37
2004,1334,Pacific,8.93,1344,Providence,18.32,-9.39
2004,1338,Pittsburgh,25.91,1416,UCF,5.91,20
2004,1412,UAB,13.63,1449,Washington,0,13.63
2004,1435,Vanderbilt,18.64,1444,W Michigan,16.29,2.35
2004,1458,Wisconsin,25.74,1350,Richmond,15.07,10.67
2004,1462,Xavier,20.16,1257,Louisville,20.44,-0.28
2004,1104,Alabama,10,1390,Stanford,22.52,-12.52
2004,1163,Connecticut,28.3,1177,DePaul,11.36,16.94
2004,1181,Duke,32.33,1371,Seton Hall,17.35,14.98
2004,1305,Nevada,20.27,1211,Gonzaga,25.34,-5.07
2004,1386,St Joseph's PA,27.66,1403,Texas Tech,17.11,10.55
2004,1393,Syracuse,16.34,1268,Maryland,19.81,-3.47
2004,1400,Texas,21.54,1314,North Carolina,23.23,-1.69
2004,1448,Wake Forest,21.69,1264,Manhattan,13.38,8.31
2004,1210,Georgia Tech,24.69,1130,Boston College,15.42,9.27
2004,1228,Illinois,22.11,1153,Cincinnati,21.56,0.55
2004,1242,Kansas,20.89,1334,Pacific,8.93,11.96
2004,1329,Oklahoma St,27.37,1272,Memphis,16.17,11.2
2004,1338,Pittsburgh,25.91,1458,Wisconsin,25.74,0.17
2004,1412,UAB,13.63,1246,Kentucky,23.35,-9.72
2004,1435,Vanderbilt,18.64,1301,NC State,23.98,-5.34
2004,1462,Xavier,20.16,1280,Mississippi St,21.74,-1.58
2004,1104,Alabama,10,1393,Syracuse,16.34,-6.34
2004,1163,Connecticut,28.3,1435,Vanderbilt,18.64,9.66
2004,1329,Oklahoma St,27.37,1338,Pittsburgh,25.91,1.46
2004,1386,St Joseph's PA,27.66,1448,Wake Forest,21.69,5.97
2004,1181,Duke,32.33,1228,Illinois,22.11,10.22
2004,1210,Georgia Tech,24.69,1305,Nevada,20.27,4.42
2004,1242,Kansas,20.89,1412,UAB,13.63,7.26
2004,1462,Xavier,20.16,1400,Texas,21.54,-1.38
2004,1163,Connecticut,28.3,1104,Alabama,10,18.3
2004,1329,Oklahoma St,27.37,1386,St Joseph's PA,27.66,-0.29
2004,1181,Duke,32.33,1462,Xavier,20.16,12.17
2004,1210,Georgia Tech,24.69,1242,Kansas,20.89,3.8
2004,1163,Connecticut,28.3,1181,Duke,32.33,-4.03
2004,1210,Georgia Tech,24.69,1329,Oklahoma St,27.37,-2.68
2004,1163,Connecticut,28.3,1210,Georgia Tech,24.69,3.61
2005,1324,Oakland,-1.2,1105,Alabama A&M,-12.49,11.29
2005,1112,Arizona,22.22,1429,Utah St,19.62,2.6
2005,1130,Boston College,18.3,1335,Penn,9.6,8.7
2005,1153,Cincinnati,20.43,1234,Iowa,17.17,3.26
2005,1211,Gonzaga,17.88,1457,Winthrop,4.97,12.91
2005,1228,Illinois,32.68,1192,F Dickinson,0,32.68
2005,1246,Kentucky,24.1,1184,E Kentucky,1.98,22.12
2005,1305,Nevada,12.11,1400,Texas,17.01,-4.9
2005,1328,Oklahoma,22.55,1310,Niagara,5.43,17.12
2005,1334,Pacific,14.08,1338,Pittsburgh,18.41,-4.33
2005,1403,Texas Tech,15.47,1417,UCLA,10.74,4.73
2005,1412,UAB,12.51,1261,LSU,13.8,-1.29
2005,1428,Utah,20.33,1431,UTEP,11.62,8.71
2005,1448,Wake Forest,24.86,1151,Chattanooga,0.03,24.83
2005,1449,Washington,22.18,1285,Montana,-2.73,24.91
2005,1452,West Virginia,15,1166,Creighton,14.33,0.67
2005,1454,WI Milwaukee,14.69,1104,Alabama,20.51,-5.82
2005,1137,Bucknell,6.69,1242,Kansas,23.08,-16.39
2005,1163,Connecticut,21.94,1416,UCF,0,21.94
2005,1181,Duke,27.41,1175,Delaware St,0,27.41
2005,1196,Florida,23.93,1325,Ohio,8.29,15.64
2005,1210,Georgia Tech,19.23,1203,G Washington,14.41,4.82
2005,1235,Iowa St,13.02,1278,Minnesota,14.06,-1.04
2005,1257,Louisville,25.78,1418,ULL,0,25.78
2005,1277,Michigan St,25.67,1330,Old Dominion,10.04,15.63
2005,1280,Mississippi St,15.25,1390,Stanford,10.63,4.62
2005,1301,NC State,18.93,1150,Charlotte,12.15,6.78
2005,1314,North Carolina,32.77,1324,Oakland,-1.2,33.97
2005,1329,Oklahoma St,25.02,1368,SE Louisiana,0,25.02
2005,1356,S Illinois,16.75,1388,St Mary's CA,9.41,7.34
2005,1436,Vermont,13.53,1393,Syracuse,20.98,-7.45
2005,1437,Villanova,25.02,1307,New Mexico,15.54,9.48
2005,1458,Wisconsin,20.81,1320,Northern Iowa,13.36,7.45
2005,1112,Arizona,22.22,1412,UAB,12.51,9.71
2005,1228,Illinois,32.68,1305,Nevada,12.11,20.57
2005,1246,Kentucky,24.1,1153,Cincinnati,20.43,3.67
2005,1403,Texas Tech,15.47,1211,Gonzaga,17.88,-2.41
2005,1428,Utah,20.33,1328,Oklahoma,22.55,-2.22
2005,1449,Washington,22.18,1334,Pacific,14.08,8.1
2005,1452,West Virginia,15,1448,Wake Forest,24.86,-9.86
2005,1454,WI Milwaukee,14.69,1130,Boston College,18.3,-3.61
2005,1181,Duke,27.41,1280,Mississippi St,15.25,12.16
2005,1257,Louisville,25.78,1210,Georgia Tech,19.23,6.55
2005,1277,Michigan St,25.67,1436,Vermont,13.53,12.14
2005,1301,NC State,18.93,1163,Connecticut,21.94,-3.01
2005,1314,North Carolina,32.77,1235,Iowa St,13.02,19.75
2005,1329,Oklahoma St,25.02,1356,S Illinois,16.75,8.27
2005,1437,Villanova,25.02,1196,Florida,23.93,1.09
2005,1458,Wisconsin,20.81,1137,Bucknell,6.69,14.12
2005,1112,Arizona,22.22,1329,Oklahoma St,25.02,-2.8
2005,1228,Illinois,32.68,1454,WI Milwaukee,14.69,17.99
2005,1257,Louisville,25.78,1449,Washington,22.18,3.6
2005,1452,West Virginia,15,1403,Texas Tech,15.47,-0.47
2005,1246,Kentucky,24.1,1428,Utah,20.33,3.77
2005,1277,Michigan St,25.67,1181,Duke,27.41,-1.74
2005,1314,North Carolina,32.77,1437,Villanova,25.02,7.75
2005,1458,Wisconsin,20.81,1301,NC State,18.93,1.88
2005,1228,Illinois,32.68,1112,Arizona,22.22,10.46
2005,1257,Louisville,25.78,1452,West Virginia,15,10.78
2005,1277,Michigan St,25.67,1246,Kentucky,24.1,1.57
2005,1314,North Carolina,32.77,1458,Wisconsin,20.81,11.96
2005,1228,Illinois,32.68,1257,Louisville,25.78,6.9
2005,1314,North Carolina,32.77,1277,Michigan St,25.67,7.1
2005,1314,North Carolina,32.77,1228,Illinois,32.68,0.09
2006,1284,Monmouth NJ,-0.68,1214,Hampton,-10.4,9.72
2006,1104,Alabama,10,1266,Marquette,15.36,-5.36
2006,1130,Boston College,18.65,1334,Pacific,10.87,7.78
2006,1181,Duke,27.54,1380,Southern Univ,0,27.54
2006,1196,Florida,28.28,1375,South Alabama,9.28,19
2006,1203,G Washington,14.67,1423,UNC Wilmington,14.77,-0.1
2006,1211,Gonzaga,15.64,1462,Xavier,12.73,2.91
2006,1228,Illinois,23.2,1102,Air Force,14.87,8.33
2006,1231,Indiana,15.53,1361,San Diego St,12.78,2.75
2006,1261,LSU,22,1233,Iona,11.33,10.67
2006,1285,Montana,8.95,1305,Nevada,15.22,-6.27
2006,1397,Tennessee,19.44,1457,Winthrop,10.27,9.17
2006,1401,Texas A&M,15.9,1393,Syracuse,13.15,2.75
2006,1417,UCLA,23.4,1125,Belmont,-0.73,24.13
2006,1449,Washington,20.09,1429,Utah St,10.86,9.23
2006,1454,WI Milwaukee,11.86,1328,Oklahoma,13.99,-2.13
2006,1455,Wichita St,16.06,1371,Seton Hall,9.06,7
2006,1112,Arizona,17.23,1458,Wisconsin,14.94,2.29
2006,1133,Bradley,16.5,1242,Kansas,23.22,-6.72
2006,1137,Bucknell,12.56,1116,Arkansas,18.47,-5.91
2006,1163,Connecticut,25.44,1107,Albany NY,2.63,22.81
2006,1206,George Mason,18.16,1277,Michigan St,16.02,2.14
2006,1207,Georgetown,21.29,1320,Northern Iowa,15.84,5.45
2006,1246,Kentucky,17.13,1412,UAB,12.65,4.48
2006,1272,Memphis,23.54,1331,Oral Roberts,5.7,17.84
2006,1301,NC State,15.92,1143,California,13.68,2.24
2006,1314,North Carolina,22.16,1293,Murray St,8.56,13.6
2006,1322,Northwestern LA,7.51,1234,Iowa,18.22,-10.71
2006,1326,Ohio St,20.68,1172,Davidson,4.86,15.82
2006,1338,Pittsburgh,21.72,1245,Kent,10.54,11.18
2006,1400,Texas,25.79,1335,Penn,7.3,18.49
2006,1437,Villanova,24.59,1284,Monmouth NJ,-0.68,25.27
2006,1452,West Virginia,19.49,1356,S Illinois,15.97,3.52
2006,1130,Boston College,18.65,1285,Montana,8.95,9.7
2006,1181,Duke,27.54,1203,G Washington,14.67,12.87
2006,1196,Florida,28.28,1454,WI Milwaukee,11.86,16.42
2006,1211,Gonzaga,15.64,1231,Indiana,15.53,0.11
2006,1261,LSU,22,1401,Texas A&M,15.9,6.1
2006,1417,UCLA,23.4,1104,Alabama,10,13.4
2006,1449,Washington,20.09,1228,Illinois,23.2,-3.11
2006,1455,Wichita St,16.06,1397,Tennessee,19.44,-3.38
2006,1133,Bradley,16.5,1338,Pittsburgh,21.72,-5.22
2006,1163,Connecticut,25.44,1246,Kentucky,17.13,8.31
2006,1206,George Mason,18.16,1314,North Carolina,22.16,-4
2006,1207,Georgetown,21.29,1326,Ohio St,20.68,0.61
2006,1272,Memphis,23.54,1137,Bucknell,12.56,10.98
2006,1400,Texas,25.79,1301,NC State,15.92,9.87
2006,1437,Villanova,24.59,1112,Arizona,17.23,7.36
2006,1452,West Virginia,19.49,1322,Northwestern LA,0,19.49
2006,1261,LSU,22,1181,Duke,27.54,-5.54
2006,1272,Memphis,23.54,1133,Bradley,16.5,7.04
2006,1400,Texas,25.79,1452,West Virginia,19.49,6.3
2006,1417,UCLA,23.4,1211,Gonzaga,15.64,7.76
2006,1163,Connecticut,25.44,1449,Washington,20.09,5.35
2006,1196,Florida,28.28,1207,Georgetown,21.29,6.99
2006,1206,George Mason,18.16,1455,Wichita St,16.06,2.1
2006,1437,Villanova,24.59,1130,Boston College,18.65,5.94
2006,1261,LSU,22,1400,Texas,25.79,-3.79
2006,1417,UCLA,23.4,1272,Memphis,23.54,-0.14
2006,1196,Florida,28.28,1437,Villanova,24.59,3.69
2006,1206,George Mason,18.16,1163,Connecticut,25.44,-7.28
2006,1196,Florida,28.28,1206,George Mason,18.16,10.12
2006,1417,UCLA,23.4,1261,LSU,22,1.4
2006,1196,Florida,28.28,1417,UCLA,23.4,4.88
2007,1310,Niagara,-2.76,1197,Florida A&M,-9.57,6.81
2007,1130,Boston College,16.18,1403,Texas Tech,10.98,5.2
2007,1139,Butler,21.45,1330,Old Dominion,12.7,8.75
2007,1207,Georgetown,28.48,1125,Belmont,4.38,24.1
2007,1231,Indiana,21.58,1211,Gonzaga,15.31,6.27
2007,1257,Louisville,20.35,1390,Stanford,12.37,7.98
2007,1268,Maryland,22.42,1172,Davidson,13.32,9.1
2007,1277,Michigan St,20.97,1266,Marquette,17.18,3.79
2007,1314,North Carolina,31.37,1184,E Kentucky,-2.58,33.95
2007,1326,Ohio St,29.33,1148,Central Conn,-2.24,31.57
2007,1338,Pittsburgh,22.9,1460,Wright St,6.66,16.24
2007,1401,Texas A&M,26.97,1335,Penn,7.69,19.28
2007,1417,UCLA,27.15,1451,Weber St,-2.71,29.86
2007,1433,VA Commonwealth,14.55,1181,Duke,23.3,-8.75
2007,1435,Vanderbilt,16.23,1203,G Washington,7.28,8.95
2007,1450,Washington St,18.87,1331,Oral Roberts,8.36,10.51
2007,1462,Xavier,18.13,1140,BYU,16.11,2.02
2007,1196,Florida,30.81,1238,Jackson St,-9.48,40.29
2007,1242,Kansas,27.81,1310,Niagara,-2.76,30.57
2007,1246,Kentucky,21.73,1437,Villanova,20.11,1.62
2007,1272,Memphis,24.81,1317,North Texas,-0.98,25.79
2007,1305,Nevada,16.09,1166,Creighton,18.53,-2.44
2007,1332,Oregon,20.76,1275,Miami OH,8.38,12.38
2007,1345,Purdue,18.31,1112,Arizona,19.43,-1.12
2007,1356,S Illinois,21.03,1221,Holy Cross,7.4,13.63
2007,1397,Tennessee,18.29,1253,Long Beach St,5.44,12.85
2007,1400,Texas,19.24,1308,New Mexico St,7.27,11.97
2007,1424,UNLV,16.83,1210,Georgia Tech,19.61,-2.78
2007,1425,USC,16.86,1116,Arkansas,16.62,0.24
2007,1438,Virginia,15.43,1107,Albany NY,2.25,13.18
2007,1439,Virginia Tech,17.38,1228,Illinois,17.5,-0.12
2007,1457,Winthrop,14.81,1323,Notre Dame,20.02,-5.21
2007,1458,Wisconsin,25.45,1394,TAM C. Christi,0,25.45
2007,1139,Butler,21.45,1268,Maryland,22.42,-0.97
2007,1207,Georgetown,28.48,1130,Boston College,16.18,12.3
2007,1314,North Carolina,31.37,1277,Michigan St,20.97,10.4
2007,1326,Ohio St,29.33,1462,Xavier,18.13,11.2
2007,1338,Pittsburgh,22.9,1433,VA Commonwealth,14.55,8.35
2007,1401,Texas A&M,26.97,1257,Louisville,20.35,6.62
2007,1417,UCLA,27.15,1231,Indiana,21.58,5.57
2007,1435,Vanderbilt,16.23,1450,Washington St,18.87,-2.64
2007,1196,Florida,30.81,1345,Purdue,18.31,12.5
2007,1242,Kansas,27.81,1246,Kentucky,21.73,6.08
2007,1272,Memphis,24.81,1305,Nevada,16.09,8.72
2007,1332,Oregon,20.76,1457,Winthrop,14.81,5.95
2007,1356,S Illinois,21.03,1439,Virginia Tech,17.38,3.65
2007,1397,Tennessee,18.29,1438,Virginia,15.43,2.86
2007,1424,UNLV,16.83,1458,Wisconsin,25.45,-8.62
2007,1425,USC,16.86,1400,Texas,19.24,-2.38
2007,1242,Kansas,27.81,1356,S Illinois,21.03,6.78
2007,1272,Memphis,24.81,1401,Texas A&M,26.97,-2.16
2007,1326,Ohio St,29.33,1397,Tennessee,18.29,11.04
2007,1417,UCLA,27.15,1338,Pittsburgh,22.9,4.25
2007,1196,Florida,30.81,1139,Butler,21.45,9.36
2007,1207,Georgetown,28.48,1435,Vanderbilt,16.23,12.25
2007,1314,North Carolina,31.37,1425,USC,16.86,14.51
2007,1332,Oregon,20.76,1424,UNLV,16.83,3.93
2007,1326,Ohio St,29.33,1272,Memphis,24.81,4.52
2007,1417,UCLA,27.15,1242,Kansas,27.81,-0.66
2007,1196,Florida,30.81,1332,Oregon,20.76,10.05
2007,1207,Georgetown,28.48,1314,North Carolina,31.37,-2.89
2007,1196,Florida,30.81,1417,UCLA,27.15,3.66
2007,1326,Ohio St,29.33,1207,Georgetown,28.48,0.85
2007,1196,Florida,30.81,1326,Ohio St,29.33,1.48
2008,1291,Mt St Mary's,0,1164,Coppin St,-14.41,14.41
2008,1181,Duke,26.4,1125,Belmont,3.53,22.87
2008,1242,Kansas,35.21,1340,Portland St,5.4,29.81
2008,1243,Kansas St,18.9,1425,USC,18.67,0.23
2008,1266,Marquette,22.16,1246,Kentucky,10.01,12.15
2008,1277,Michigan St,21.15,1396,Temple,12.37,8.78
2008,1323,Notre Dame,19.07,1206,George Mason,9.68,9.39
2008,1338,Pittsburgh,19.91,1331,Oral Roberts,10.27,9.64
2008,1345,Purdue,18.3,1124,Baylor,14.82,3.48
2008,1390,Stanford,22.75,1165,Cornell,4.41,18.34
2008,1401,Texas A&M,19.93,1140,BYU,15.76,4.17
2008,1417,UCLA,29.94,1290,MS Valley St,0,29.94
2008,1424,UNLV,13.71,1245,Kent,13.04,0.67
2008,1450,Washington St,24.32,1457,Winthrop,6.38,17.94
2008,1452,West Virginia,21.29,1112,Arizona,19.14,2.15
2008,1458,Wisconsin,26.68,1168,CS Fullerton,0,26.68
2008,1462,Xavier,22.05,1208,Georgia,8.08,13.97
2008,1116,Arkansas,15.19,1231,Indiana,10,5.19
2008,1139,Butler,19.97,1375,South Alabama,11.8,8.17
2008,1172,Davidson,23.61,1211,Gonzaga,19.05,4.56
2008,1207,Georgetown,25.56,1420,UMBC,3.86,21.7
2008,1257,Louisville,25.41,1129,Boise St,3.89,21.52
2008,1272,Memphis,31.51,1426,UT Arlington,-2.31,33.82
2008,1274,Miami FL,15.38,1388,St Mary's CA,14.66,0.72
2008,1280,Mississippi St,16.77,1332,Oregon,15.66,1.11
2008,1314,North Carolina,30.22,1291,Mt St Mary's,0,30.22
2008,1328,Oklahoma,14.47,1386,St Joseph's PA,14.32,0.15
2008,1360,San Diego,4.64,1163,Connecticut,18.9,-14.26
2008,1373,Siena,7.99,1435,Vanderbilt,12.65,-4.66
2008,1397,Tennessee,22.17,1110,American Univ,1.67,20.5
2008,1400,Texas,25.09,1122,Austin Peay,-0.3,25.39
2008,1437,Villanova,14.21,1155,Clemson,22.03,-7.82
2008,1443,WKU,14.6,1179,Drake,21.46,-6.86
2008,1242,Kansas,35.21,1424,UNLV,13.71,21.5
2008,1277,Michigan St,21.15,1338,Pittsburgh,19.91,1.24
2008,1390,Stanford,22.75,1266,Marquette,22.16,0.59
2008,1417,UCLA,29.94,1401,Texas A&M,19.93,10.01
2008,1450,Washington St,24.32,1323,Notre Dame,19.07,5.25
2008,1452,West Virginia,21.29,1181,Duke,26.4,-5.11
2008,1458,Wisconsin,26.68,1243,Kansas St,18.9,7.78
2008,1462,Xavier,22.05,1345,Purdue,18.3,3.75
2008,1172,Davidson,23.61,1207,Georgetown,25.56,-1.95
2008,1257,Louisville,25.41,1328,Oklahoma,14.47,10.94
2008,1272,Memphis,31.51,1280,Mississippi St,16.77,14.74
2008,1314,North Carolina,30.22,1116,Arkansas,15.19,15.03
2008,1397,Tennessee,22.17,1139,Butler,19.97,2.2
2008,1400,Texas,25.09,1274,Miami FL,15.38,9.71
2008,1437,Villanova,14.21,1373,Siena,7.99,6.22
2008,1443,WKU,14.6,1360,San Diego,4.64,9.96
2008,1257,Louisville,25.41,1397,Tennessee,22.17,3.24
2008,1314,North Carolina,30.22,1450,Washington St,24.32,5.9
2008,1417,UCLA,29.94,1443,WKU,14.6,15.34
2008,1462,Xavier,22.05,1452,West Virginia,21.29,0.76
2008,1172,Davidson,23.61,1458,Wisconsin,26.68,-3.07
2008,1242,Kansas,35.21,1437,Villanova,14.21,21
2008,1272,Memphis,31.51,1277,Michigan St,21.15,10.36
2008,1400,Texas,25.09,1390,Stanford,22.75,2.34
2008,1314,North Carolina,30.22,1257,Louisville,25.41,4.81
2008,1417,UCLA,29.94,1462,Xavier,22.05,7.89
2008,1242,Kansas,35.21,1172,Davidson,23.61,11.6
2008,1272,Memphis,31.51,1400,Texas,25.09,6.42
2008,1242,Kansas,35.21,1314,North Carolina,30.22,4.99
2008,1272,Memphis,31.51,1417,UCLA,29.94,1.57
2008,1242,Kansas,35.21,1272,Memphis,31.51,3.7
2009,1287,Morehead St,0.76,1106,Alabama St,-2.97,3.73
2009,1163,Connecticut,29.25,1151,Chattanooga,0,29.25
2009,1181,Duke,24.31,1127,Binghamton,-0.98,25.29
2009,1211,Gonzaga,24.51,1103,Akron,6.9,17.61
2009,1261,LSU,14.86,1139,Butler,15.78,-0.92
2009,1268,Maryland,13.55,1143,California,17.37,-3.82
2009,1272,Memphis,28.67,1169,CS Northridge,0,28.67
2009,1276,Michigan,14.75,1155,Clemson,19.62,-4.87
2009,1314,North Carolina,31.14,1347,Radford,-0.86,32
2009,1328,Oklahoma,24.59,1288,Morgan St,0.99,23.6
2009,1345,Purdue,21.84,1320,Northern Iowa,9.7,12.14
2009,1400,Texas,19.65,1278,Minnesota,15.43,4.22
2009,1401,Texas A&M,15.01,1140,BYU,20.1,-5.09
2009,1417,UCLA,23.93,1433,VA Commonwealth,13.62,10.31
2009,1437,Villanova,23.89,1110,American Univ,4.7,19.19
2009,1443,WKU,12.44,1228,Illinois,18.72,-6.28
2009,1449,Washington,22.09,1280,Mississippi St,11.55,10.54
2009,1112,Arizona,15.96,1428,Utah,17.8,-1.84
2009,1113,Arizona St,23.03,1396,Temple,14.38,8.65
2009,1156,Cleveland St,11.96,1448,Wake Forest,18.88,-6.92
2009,1173,Dayton,10.23,1452,West Virginia,24.21,-13.98
2009,1242,Kansas,23.83,1295,N Dakota St,12.29,11.54
2009,1257,Louisville,26.06,1287,Morehead St,0.76,25.3
2009,1266,Marquette,21.02,1429,Utah St,15.12,5.9
2009,1277,Michigan St,24.37,1352,Robert Morris,1.49,22.88
2009,1281,Missouri,24.81,1165,Cornell,5.23,19.58
2009,1329,Oklahoma St,18.33,1397,Tennessee,16.48,1.85
2009,1338,Pittsburgh,28.96,1190,ETSU,5.67,23.29
2009,1373,Siena,11.93,1326,Ohio St,16.34,-4.41
2009,1393,Syracuse,22.21,1372,SF Austin,6.52,15.69
2009,1425,USC,18.26,1130,Boston College,11.2,7.06
2009,1458,Wisconsin,10,1199,Florida St,15.76,-5.76
2009,1462,Xavier,20.24,1340,Portland St,4.04,16.2
2009,1163,Connecticut,29.25,1401,Texas A&M,15.01,14.24
2009,1181,Duke,24.31,1400,Texas,19.65,4.66
2009,1211,Gonzaga,24.51,1443,WKU,12.44,12.07
2009,1272,Memphis,28.67,1268,Maryland,13.55,15.12
2009,1314,North Carolina,31.14,1261,LSU,14.86,16.28
2009,1328,Oklahoma,24.59,1276,Michigan,14.75,9.84
2009,1345,Purdue,21.84,1449,Washington,22.09,-0.25
2009,1437,Villanova,23.89,1417,UCLA,23.93,-0.04
2009,1112,Arizona,15.96,1156,Cleveland St,11.96,4
2009,1242,Kansas,23.83,1173,Dayton,10.23,13.6
2009,1257,Louisville,26.06,1373,Siena,11.93,14.13
2009,1277,Michigan St,24.37,1425,USC,18.26,6.11
2009,1281,Missouri,24.81,1266,Marquette,21.02,3.79
2009,1338,Pittsburgh,28.96,1329,Oklahoma St,18.33,10.63
2009,1393,Syracuse,22.21,1113,Arizona St,23.03,-0.82
2009,1462,Xavier,20.24,1458,Wisconsin,10,10.24
2009,1163,Connecticut,29.25,1345,Purdue,21.84,7.41
2009,1281,Missouri,24.81,1272,Memphis,28.67,-3.86
2009,1338,Pittsburgh,28.96,1462,Xavier,20.24,8.72
2009,1437,Villanova,23.89,1181,Duke,24.31,-0.42
2009,1257,Louisville,26.06,1112,Arizona,15.96,10.1
2009,1277,Michigan St,24.37,1242,Kansas,23.83,0.54
2009,1314,North Carolina,31.14,1211,Gonzaga,24.51,6.63
2009,1328,Oklahoma,24.59,1393,Syracuse,22.21,2.38
2009,1163,Connecticut,29.25,1281,Missouri,24.81,4.44
2009,1437,Villanova,23.89,1338,Pittsburgh,28.96,-5.07
2009,1277,Michigan St,24.37,1257,Louisville,26.06,-1.69
2009,1314,North Carolina,31.14,1328,Oklahoma,24.59,6.55
2009,1277,Michigan St,24.37,1163,Connecticut,29.25,-4.88
2009,1314,North Carolina,31.14,1437,Villanova,23.89,7.25
2009,1314,North Carolina,31.14,1277,Michigan St,24.37,6.77
2010,1115,Ark Pine Bluff,0,1457,Winthrop,-5.63,5.63
2010,1124,Baylor,24.95,1358,Sam Houston St,7.42,17.53
2010,1139,Butler,22.45,1431,UTEP,16.53,5.92
2010,1140,BYU,23.27,1196,Florida,15.23,8.04
2010,1242,Kansas,31.85,1250,Lehigh,-0.97,32.82
2010,1243,Kansas St,25.52,1317,North Texas,-0.47,25.99
2010,1246,Kentucky,26.54,1190,ETSU,2.47,24.07
2010,1293,Murray St,15.06,1435,Vanderbilt,17.54,-2.48
2010,1307,New Mexico,16.18,1285,Montana,8.08,8.1
2010,1320,Northern Iowa,18.87,1424,UNLV,16.56,2.31
2010,1325,Ohio,8.25,1207,Georgetown,22.64,-14.39
2010,1330,Old Dominion,17.51,1323,Notre Dame,17.71,-0.2
2010,1388,St Mary's CA,15,1350,Richmond,15.01,-0.01
2010,1397,Tennessee,18.5,1361,San Diego St,16.58,1.92
2010,1437,Villanova,21.24,1352,Robert Morris,-0.97,22.21
2010,1448,Wake Forest,14.12,1400,Texas,20.75,-6.63
2010,1449,Washington,18.19,1266,Marquette,19.65,-1.46
2010,1143,California,22.15,1257,Louisville,16.91,5.24
2010,1165,Cornell,15.92,1396,Temple,20.12,-4.2
2010,1181,Duke,33.29,1115,Ark Pine Bluff,0,33.29
2010,1210,Georgia Tech,18.22,1329,Oklahoma St,16.72,1.5
2010,1211,Gonzaga,16.14,1199,Florida St,18.02,-1.88
2010,1268,Maryland,22.37,1222,Houston,8.79,13.58
2010,1277,Michigan St,20.13,1308,New Mexico St,6.03,14.1
2010,1281,Missouri,19.99,1155,Clemson,19.28,0.71
2010,1326,Ohio St,24.99,1364,Santa Barbara,0,24.99
2010,1338,Pittsburgh,18.66,1324,Oakland,3.19,15.47
2010,1345,Purdue,22.05,1373,Siena,13.86,8.19
2010,1393,Syracuse,27.62,1436,Vermont,3.08,24.54
2010,1401,Texas A&M,21.33,1429,Utah St,19.9,1.43
2010,1452,West Virginia,25.54,1288,Morgan St,1.58,23.96
2010,1458,Wisconsin,23.56,1459,Wofford,10.12,13.44
2010,1462,Xavier,20.87,1278,Minnesota,17.97,2.9
2010,1124,Baylor,24.95,1330,Old Dominion,17.51,7.44
2010,1139,Butler,22.45,1293,Murray St,15.06,7.39
2010,1243,Kansas St,25.52,1140,BYU,23.27,2.25
2010,1246,Kentucky,26.54,1448,Wake Forest,14.12,12.42
2010,1320,Northern Iowa,18.87,1242,Kansas,31.85,-12.98
2010,1388,St Mary's CA,15,1437,Villanova,21.24,-6.24
2010,1397,Tennessee,18.5,1325,Ohio,8.25,10.25
2010,1449,Washington,18.19,1307,New Mexico,16.18,2.01
2010,1165,Cornell,15.92,1458,Wisconsin,23.56,-7.64
2010,1181,Duke,33.29,1143,California,22.15,11.14
2010,1277,Michigan St,20.13,1268,Maryland,22.37,-2.24
2010,1326,Ohio St,24.99,1210,Georgia Tech,18.22,6.77
2010,1345,Purdue,22.05,1401,Texas A&M,21.33,0.72
2010,1393,Syracuse,27.62,1211,Gonzaga,16.14,11.48
2010,1452,West Virginia,25.54,1281,Missouri,19.99,5.55
2010,1462,Xavier,20.87,1338,Pittsburgh,18.66,2.21
2010,1139,Butler,22.45,1393,Syracuse,27.62,-5.17
2010,1243,Kansas St,25.52,1462,Xavier,20.87,4.65
2010,1246,Kentucky,26.54,1165,Cornell,15.92,10.62
2010,1452,West Virginia,25.54,1449,Washington,18.19,7.35
2010,1124,Baylor,24.95,1388,St Mary's CA,10,14.95
2010,1181,Duke,33.29,1345,Purdue,22.05,11.24
2010,1277,Michigan St,20.13,1320,Northern Iowa,18.87,1.26
2010,1397,Tennessee,18.5,1326,Ohio St,24.99,-6.49
2010,1139,Butler,22.45,1243,Kansas St,25.52,-3.07
2010,1452,West Virginia,25.54,1246,Kentucky,26.54,-1
2010,1181,Duke,33.29,1124,Baylor,24.95,8.34
2010,1277,Michigan St,20.13,1397,Tennessee,18.5,1.63
2010,1139,Butler,22.45,1277,Michigan St,20.13,2.32
2010,1181,Duke,33.29,1452,West Virginia,25.54,7.75
2010,1181,Duke,33.29,1139,Butler,22.45,10.84
2011,1155,Clemson,18.16,1412,UAB,11.64,6.52
2011,1421,UNC Asheville,1.91,1114,Ark Little Rock,0,1.91
2011,1427,UT San Antonio,0,1106,Alabama St,-13.19,13.19
2011,1433,VA Commonwealth,13.49,1425,USC,13.29,0.2
2011,1139,Butler,16.46,1330,Old Dominion,14.66,1.8
2011,1140,BYU,23.22,1459,Wofford,8.17,15.05
2011,1153,Cincinnati,19.41,1281,Missouri,15.54,3.87
2011,1163,Connecticut,23.93,1137,Bucknell,6.57,17.36
2011,1196,Florida,20.61,1364,Santa Barbara,0,20.61
2011,1211,Gonzaga,16.45,1385,St John's,15.87,0.58
2011,1243,Kansas St,17.42,1429,Utah St,19.32,-1.9
2011,1246,Kentucky,25.82,1343,Princeton,9.09,16.73
2011,1287,Morehead St,7.01,1257,Louisville,22.26,-15.25
2011,1338,Pittsburgh,27.08,1421,UNC Asheville,1.91,25.17
2011,1350,Richmond,16.01,1435,Vanderbilt,17.33,-1.32
2011,1361,San Diego St,24.98,1294,N Colorado,0,24.98
2011,1396,Temple,16.84,1336,Penn St,14.88,1.96
2011,1417,UCLA,13.57,1277,Michigan St,15.08,-1.51
2011,1452,West Virginia,20.11,1155,Clemson,18.16,1.95
2011,1458,Wisconsin,25.84,1125,Belmont,18.48,7.36
2011,1112,Arizona,19.65,1272,Memphis,6.98,12.67
2011,1181,Duke,28.42,1214,Hampton,-4.21,32.63
2011,1199,Florida St,16.76,1401,Texas A&M,14.62,2.14
2011,1206,George Mason,18.3,1437,Villanova,17.83,0.47
2011,1228,Illinois,20.14,1424,UNLV,0,20.14
2011,1242,Kansas,28.38,1131,Boston Univ,-0.5,28.88
2011,1266,Marquette,18.14,1462,Xavier,16.02,2.12
2011,1276,Michigan,17.69,1397,Tennessee,12.41,5.28
2011,1314,North Carolina,22.18,1254,Long Island,0,22.18
2011,1323,Notre Dame,23.25,1103,Akron,4.09,19.16
2011,1326,Ohio St,33.47,1427,UT San Antonio,0,33.47
2011,1345,Purdue,24.79,1389,St Peter's,0,24.79
2011,1393,Syracuse,22.49,1232,Indiana St,5.45,17.04
2011,1400,Texas,25.93,1324,Oakland,13.31,12.62
2011,1433,VA Commonwealth,13.49,1207,Georgetown,17.65,-4.16
2011,1449,Washington,21.69,1208,Georgia,12.24,9.45
2011,1139,Butler,16.46,1338,Pittsburgh,27.08,-10.62
2011,1140,BYU,23.22,1211,Gonzaga,16.45,6.77
2011,1163,Connecticut,23.93,1153,Cincinnati,19.41,4.52
2011,1196,Florida,20.61,1417,UCLA,13.57,7.04
2011,1246,Kentucky,25.82,1452,West Virginia,20.11,5.71
2011,1350,Richmond,16.01,1287,Morehead St,7.01,9
2011,1361,San Diego St,24.98,1396,Temple,16.84,8.14
2011,1458,Wisconsin,25.84,1243,Kansas St,17.42,8.42
2011,1112,Arizona,19.65,1400,Texas,25.93,-6.28
2011,1181,Duke,28.42,1276,Michigan,17.69,10.73
2011,1199,Florida St,16.76,1323,Notre Dame,23.25,-6.49
2011,1242,Kansas,28.38,1228,Illinois,20.14,8.24
2011,1266,Marquette,18.14,1393,Syracuse,22.49,-4.35
2011,1314,North Carolina,22.18,1449,Washington,21.69,0.49
2011,1326,Ohio St,33.47,1206,George Mason,18.3,15.17
2011,1433,VA Commonwealth,13.49,1345,Purdue,24.79,-11.3
2011,1112,Arizona,19.65,1181,Duke,28.42,-8.77
2011,1139,Butler,16.46,1458,Wisconsin,25.84,-9.38
2011,1163,Connecticut,23.93,1361,San Diego St,24.98,-1.05
2011,1196,Florida,20.61,1140,BYU,23.22,-2.61
2011,1242,Kansas,28.38,1350,Richmond,16.01,12.37
2011,1246,Kentucky,25.82,1326,Ohio St,33.47,-7.65
2011,1314,North Carolina,22.18,1266,Marquette,18.14,4.04
2011,1433,VA Commonwealth,13.49,1199,Florida St,16.76,-3.27
2011,1139,Butler,16.46,1196,Florida,20.61,-4.15
2011,1163,Connecticut,23.93,1112,Arizona,19.65,4.28
2011,1246,Kentucky,25.82,1314,North Carolina,22.18,3.64
2011,1433,VA Commonwealth,13.49,1242,Kansas,28.38,-14.89
2011,1139,Butler,16.46,1433,VA Commonwealth,13.49,2.97
2011,1163,Connecticut,23.93,1246,Kentucky,25.82,-1.89
2011,1163,Connecticut,23.93,1139,Butler,16.46,7.47
2012,1140,BYU,12.79,1233,Iona,12.26,0.53
2012,1443,WKU,11.78,1290,MS Valley St,0,11.78
2012,1378,South Florida,13.13,1143,California,11.97,1.16
2012,1436,Vermont,5.17,1249,Lamar,6.33,-1.16
2012,1124,Baylor,21.29,1355,S Dakota St,9.57,11.72
2012,1160,Colorado,8.89,1424,UNLV,14.97,-6.08
2012,1211,Gonzaga,18.39,1452,West Virginia,13.56,4.83
2012,1231,Indiana,22.55,1308,New Mexico St,11.22,11.33
2012,1235,Iowa St,16.69,1163,Connecticut,14.53,2.16
2012,1243,Kansas St,17.52,1379,Southern Miss,10.83,6.69
2012,1246,Kentucky,32.59,1443,WKU,11.78,20.81
2012,1257,Louisville,20.67,1172,Davidson,10.65,10.02
2012,1266,Marquette,20.22,1140,BYU,12.79,7.43
2012,1293,Murray St,15.34,1161,Colorado St,8.17,7.17
2012,1307,New Mexico,19.45,1253,Long Beach St,15.27,4.18
2012,1326,Ohio St,30.07,1259,Loyola MD,3.91,26.16
2012,1393,Syracuse,26.04,1421,UNC Asheville,5.5,20.54
2012,1433,VA Commonwealth,13.45,1455,Wichita St,22.36,-8.91
2012,1435,Vanderbilt,20.9,1217,Harvard,14.34,6.56
2012,1458,Wisconsin,24.09,1285,Montana,6.76,17.33
2012,1153,Cincinnati,16.03,1400,Texas,15.9,0.13
2012,1166,Creighton,16.47,1104,Alabama,16.69,-0.22
2012,1196,Florida,22.47,1438,Virginia,15.85,6.62
2012,1199,Florida St,17.14,1382,St Bonaventure,0,17.14
2012,1207,Georgetown,21.05,1125,Belmont,16.96,4.09
2012,1242,Kansas,26.91,1178,Detroit,5.48,21.43
2012,1250,Lehigh,9.29,1181,Duke,19.7,-10.41
2012,1277,Michigan St,27.87,1254,Long Island,0,27.87
2012,1301,NC State,14.22,1361,San Diego St,11.16,3.06
2012,1313,Norfolk St,-1.82,1281,Missouri,25.28,-27.1
2012,1314,North Carolina,25.44,1436,Vermont,5.17,20.27
2012,1325,Ohio,11.88,1276,Michigan,17.52,-5.64
2012,1345,Purdue,16.25,1388,St Mary's CA,15.48,0.77
2012,1378,South Florida,13.13,1396,Temple,14.49,-1.36
2012,1387,St Louis,21.2,1272,Memphis,21.9,-0.7
2012,1462,Xavier,12.59,1323,Notre Dame,14.22,-1.63
2012,1124,Baylor,21.29,1160,Colorado,8.89,12.4
2012,1231,Indiana,22.55,1433,VA Commonwealth,13.45,9.1
2012,1246,Kentucky,32.59,1235,Iowa St,16.69,15.9
2012,1257,Louisville,20.67,1307,New Mexico,19.45,1.22
2012,1266,Marquette,20.22,1293,Murray St,15.34,4.88
2012,1326,Ohio St,30.07,1211,Gonzaga,18.39,11.68
2012,1393,Syracuse,26.04,1243,Kansas St,17.52,8.52
2012,1458,Wisconsin,24.09,1435,Vanderbilt,20.9,3.19
2012,1153,Cincinnati,16.03,1199,Florida St,17.14,-1.11
2012,1196,Florida,22.47,1313,Norfolk St,-1.82,24.29
2012,1242,Kansas,26.91,1345,Purdue,16.25,10.66
2012,1277,Michigan St,27.87,1387,St Louis,21.2,6.67
2012,1301,NC State,14.22,1207,Georgetown,21.05,-6.83
2012,1314,North Carolina,25.44,1166,Creighton,16.47,8.97
2012,1325,Ohio,11.88,1378,South Florida,13.13,-1.25
2012,1462,Xavier,12.59,1250,Lehigh,9.29,3.3
2012,1196,Florida,22.47,1266,Marquette,20.22,2.25
2012,1257,Louisville,20.67,1277,Michigan St,27.87,-7.2
2012,1326,Ohio St,30.07,1153,Cincinnati,16.03,14.04
2012,1393,Syracuse,26.04,1458,Wisconsin,24.09,1.95
2012,1124,Baylor,21.29,1462,Xavier,12.59,8.7
2012,1242,Kansas,26.91,1301,NC State,14.22,12.69
2012,1246,Kentucky,32.59,1231,Indiana,22.55,10.04
2012,1314,North Carolina,25.44,1325,Ohio,11.88,13.56
2012,1257,Louisville,20.67,1196,Florida,22.47,-1.8
2012,1326,Ohio St,30.07,1393,Syracuse,26.04,4.03
2012,1242,Kansas,26.91,1314,North Carolina,25.44,1.47
2012,1246,Kentucky,32.59,1124,Baylor,21.29,11.3
2012,1242,Kansas,26.91,1326,Ohio St,30.07,-3.16
2012,1246,Kentucky,32.59,1257,Louisville,20.67,11.92
2012,1246,Kentucky,32.59,1242,Kansas,26.91,5.68
2013,1299,NC A&T,0,1251,Liberty,-9.38,9.38
2013,1388,St Mary's CA,19.33,1292,MTSU,14.77,4.56
2013,1241,James Madison,-0.92,1254,Long Island,0,-0.92
2013,1247,La Salle,13.89,1129,Boise St,13.54,0.35
2013,1112,Arizona,21.88,1125,Belmont,14.92,6.96
2013,1139,Butler,15.41,1137,Bucknell,12.72,2.69
2013,1143,California,13.11,1424,UNLV,16.07,-2.96
2013,1161,Colorado St,19.12,1281,Missouri,18.53,0.59
2013,1211,Gonzaga,27.81,1380,Southern Univ,0,27.81
2013,1217,Harvard,7.07,1307,New Mexico,19.02,-11.95
2013,1257,Louisville,32.92,1299,NC A&T,0,32.92
2013,1266,Marquette,18.32,1172,Davidson,11.36,6.96
2013,1272,Memphis,16.33,1388,St Mary's CA,0,16.33
2013,1276,Michigan,27.86,1355,S Dakota St,10.03,17.83
2013,1277,Michigan St,24.17,1434,Valparaiso,11.42,12.75
2013,1332,Oregon,16.78,1329,Oklahoma St,18.69,-1.91
2013,1387,St Louis,20.01,1308,New Mexico St,7.68,12.33
2013,1393,Syracuse,24.83,1285,Montana,2.14,22.69
2013,1433,VA Commonwealth,20.28,1103,Akron,11.52,8.76
2013,1455,Wichita St,20.31,1338,Pittsburgh,24.08,-3.77
2013,1166,Creighton,21.75,1153,Cincinnati,15.57,6.18
2013,1181,Duke,26.98,1107,Albany NY,1.36,25.62
2013,1195,FL Gulf Coast,0,1207,Georgetown,21.24,-21.24
2013,1196,Florida,31.18,1322,Northwestern LA,0,31.18
2013,1228,Illinois,15.82,1160,Colorado,14.62,1.2
2013,1231,Indiana,29.31,1241,James Madison,-0.92,30.23
2013,1235,Iowa St,17.63,1323,Notre Dame,16.65,0.98
2013,1242,Kansas,25.23,1443,WKU,12.25,12.98
2013,1247,La Salle,13.89,1243,Kansas St,18.16,-4.27
2013,1274,Miami FL,22.37,1334,Pacific,3.96,18.41
2013,1278,Minnesota,19.85,1417,UCLA,14.53,5.32
2013,1279,Mississippi,16.95,1458,Wisconsin,22.57,-5.62
2013,1314,North Carolina,17.14,1437,Villanova,13.57,3.57
2013,1326,Ohio St,25.42,1233,Iona,7.45,17.97
2013,1361,San Diego St,17.43,1328,Oklahoma,13.8,3.63
2013,1396,Temple,12.67,1301,NC State,16.99,-4.32
2013,1112,Arizona,21.88,1217,Harvard,7.07,14.81
2013,1257,Louisville,32.92,1161,Colorado St,19.12,13.8
2013,1266,Marquette,18.32,1139,Butler,15.41,2.91
2013,1276,Michigan,27.86,1433,VA Commonwealth,20.28,7.58
2013,1277,Michigan St,24.17,1272,Memphis,16.33,7.84
2013,1332,Oregon,16.78,1387,St Louis,20.01,-3.23
2013,1393,Syracuse,24.83,1143,California,13.11,11.72
2013,1455,Wichita St,20.31,1211,Gonzaga,27.81,-7.5
2013,1181,Duke,26.98,1166,Creighton,21.75,5.23
2013,1195,FL Gulf Coast,0,1361,San Diego St,17.43,-17.43
2013,1196,Florida,31.18,1278,Minnesota,19.85,11.33
2013,1231,Indiana,29.31,1396,Temple,12.67,16.64
2013,1242,Kansas,25.23,1314,North Carolina,17.14,8.09
2013,1247,La Salle,13.89,1279,Mississippi,16.95,-3.06
2013,1274,Miami FL,22.37,1228,Illinois,15.82,6.55
2013,1326,Ohio St,25.42,1235,Iowa St,17.63,7.79
2013,1266,Marquette,18.32,1274,Miami FL,22.37,-4.05
2013,1326,Ohio St,25.42,1112,Arizona,21.88,3.54
2013,1393,Syracuse,24.83,1231,Indiana,29.31,-4.48
2013,1455,Wichita St,20.31,1247,La Salle,13.89,6.42
2013,1181,Duke,26.98,1277,Michigan St,24.17,2.81
2013,1196,Florida,31.18,1195,Florida Gulf Coast,6.27,24.91
2013,1257,Louisville,32.92,1332,Oregon,16.78,16.14
2013,1276,Michigan,27.86,1242,Kansas,25.23,2.63
2013,1393,Syracuse,24.83,1266,Marquette,18.32,6.51
2013,1455,Wichita St,20.31,1326,Ohio St,25.42,-5.11
2013,1257,Louisville,32.92,1181,Duke,26.98,5.94
2013,1276,Michigan,27.86,1196,Florida,31.18,-3.32
2013,1257,Louisville,32.92,1455,Wichita St,20.31,12.61
2013,1276,Michigan,27.86,1393,Syracuse,24.83,3.03
2013,1257,Louisville,32.92,1276,Michigan,27.86,5.06
2014,1107,Albany NY,-1.04,1291,Mt St Mary's,0,-1.04
2014,1301,NC State,11.6,1462,Xavier,13.11,-1.51
2014,1142,Cal Poly SLO,0,1411,TX Southern,-3.16,3.16
2014,1397,Tennessee,23.69,1234,Iowa,20.44,3.25
2014,1163,Connecticut,22.13,1386,St Joseph's PA,12.93,9.2
2014,1173,Dayton,14.25,1326,Ohio St,21.3,-7.05
2014,1196,Florida,28.57,1107,Albany NY,-1.04,29.61
2014,1217,Harvard,17.58,1153,Cincinnati,19.24,-1.66
2014,1257,Louisville,30.41,1264,Manhattan,10.21,20.2
2014,1276,Michigan,23.44,1459,Wofford,-1.94,25.38
2014,1277,Michigan St,23.92,1174,Delaware,5.83,18.09
2014,1295,N Dakota St,11.76,1328,Oklahoma,17.9,-6.14
2014,1332,Oregon,19.02,1140,BYU,13.77,5.25
2014,1338,Pittsburgh,21.89,1160,Colorado,11.2,10.69
2014,1361,San Diego St,20.38,1308,New Mexico St,10.54,9.84
2014,1387,St Louis,15.72,1301,NC State,11.6,4.12
2014,1393,Syracuse,21.62,1444,W Michigan,3.36,18.26
2014,1400,Texas,14.52,1113,Arizona St,14.82,-0.3
2014,1437,Villanova,23.68,1454,WI Milwaukee,0.08,23.6
2014,1458,Wisconsin,25.89,1110,American Univ,4.57,21.32
2014,1112,Arizona,30.11,1451,Weber St,-0.62,30.73
2014,1124,Baylor,19.39,1304,Nebraska,10,9.39
2014,1166,Creighton,21.72,1418,ULL,0,21.72
2014,1211,Gonzaga,20.14,1329,Oklahoma St,20.98,-0.84
2014,1235,Iowa St,21.07,1300,NC Central,0.59,20.48
2014,1242,Kansas,24.6,1184,E Kentucky,3.96,20.64
2014,1246,Kentucky,22.55,1243,Kansas St,14.1,8.45
2014,1272,Memphis,15.22,1203,G Washington,13.82,1.4
2014,1273,Mercer,8.34,1181,Duke,24.25,-15.91
2014,1314,North Carolina,18.44,1344,Providence,13.81,4.63
2014,1372,SF Austin,10.83,1433,VA Commonwealth,19.8,-8.97
2014,1390,Stanford,16.06,1307,New Mexico,17.15,-1.09
2014,1397,Tennessee,23.69,1269,Massachusetts,13.46,10.23
2014,1417,UCLA,22.53,1409,Tulsa,8.93,13.6
2014,1438,Virginia,26.46,1157,Coastal Car,-3.96,30.42
2014,1455,Wichita St,25.36,1142,Cal Poly SLO,0,25.36
2014,1163,Connecticut,22.13,1437,Villanova,23.68,-1.55
2014,1173,Dayton,14.25,1393,Syracuse,21.62,-7.37
2014,1196,Florida,28.57,1338,Pittsburgh,21.89,6.68
2014,1257,Louisville,30.41,1387,St Louis,15.72,14.69
2014,1276,Michigan,23.44,1400,Texas,14.52,8.92
2014,1277,Michigan St,23.92,1217,Harvard,17.58,6.34
2014,1361,San Diego St,20.38,1295,N Dakota St,11.76,8.62
2014,1458,Wisconsin,25.89,1332,Oregon,19.02,6.87
2014,1112,Arizona,30.11,1211,Gonzaga,20.14,9.97
2014,1124,Baylor,19.39,1166,Creighton,21.72,-2.33
2014,1235,Iowa St,21.07,1314,North Carolina,18.44,2.63
2014,1246,Kentucky,22.55,1455,Wichita St,25.36,-2.81
2014,1390,Stanford,16.06,1242,Kansas,24.6,-8.54
2014,1397,Tennessee,23.69,1273,Mercer,8.34,15.35
2014,1417,UCLA,22.53,1372,SF Austin,10.83,11.7
2014,1438,Virginia,26.46,1272,Memphis,15.22,11.24
2014,1112,Arizona,30.11,1361,San Diego St,20.38,9.73
2014,1173,Dayton,14.25,1390,Stanford,16.06,-1.81
2014,1196,Florida,28.57,1417,UCLA,22.53,6.04
2014,1458,Wisconsin,25.89,1124,Baylor,19.39,6.5
2014,1163,Connecticut,22.13,1235,Iowa St,21.07,1.06
2014,1246,Kentucky,22.55,1257,Louisville,30.41,-7.86
2014,1276,Michigan,23.44,1397,Tennessee,23.69,-0.25
2014,1277,Michigan St,23.92,1438,Virginia,26.46,-2.54
2014,1196,Florida,28.57,1173,Dayton,14.25,14.32
2014,1458,Wisconsin,25.89,1112,Arizona,30.11,-4.22
2014,1163,Connecticut,22.13,1277,Michigan St,23.92,-1.79
2014,1246,Kentucky,22.55,1276,Michigan,23.44,-0.89
2014,1163,Connecticut,22.13,1196,Florida,28.57,-6.44
2014,1246,Kentucky,22.55,1458,Wisconsin,25.89,-3.34
2014,1163,Connecticut,22.13,1246,Kentucky,22.55,-0.42
2015,1214,Hampton,-7.4,1264,Manhattan,0.31,-7.71
2015,1279,Mississippi,13.88,1140,BYU,16.69,-2.81
2015,1173,Dayton,14.24,1129,Boise St,13.85,0.39
2015,1352,Robert Morris,-1.39,1316,North Florida,2.26,-3.65
2015,1112,Arizona,32.36,1411,TX Southern,-3.84,36.2
2015,1116,Arkansas,0,1459,Wofford,6.72,-6.72
2015,1139,Butler,20.09,1400,Texas,18.94,1.15
2015,1153,Cincinnati,14.15,1345,Purdue,13.96,0.19
2015,1207,Georgetown,19.13,1186,E Washington,3.25,15.88
2015,1209,Georgia St,10.32,1124,Baylor,22.14,-11.82
2015,1246,Kentucky,36.91,1214,Hampton,-7.4,44.31
2015,1301,NC State,15.93,1261,LSU,13.76,2.17
2015,1314,North Carolina,23.85,1217,Harvard,12,11.85
2015,1323,Notre Dame,24.96,1318,Northeastern,5.12,19.84
2015,1326,Ohio St,20.75,1433,VA Commonwealth,16.27,4.48
2015,1412,UAB,3.06,1235,Iowa St,21.49,-18.43
2015,1417,UCLA,14.65,1374,SMU,17.51,-2.86
2015,1428,Utah,27.24,1372,SF Austin,13.64,13.6
2015,1437,Villanova,30.65,1248,Lafayette,-2.14,32.79
2015,1462,Xavier,19.49,1279,Mississippi,13.88,5.61
2015,1173,Dayton,14.24,1344,Providence,16.72,-2.48
2015,1181,Duke,32.48,1352,Robert Morris,-1.39,33.87
2015,1211,Gonzaga,27.78,1295,N Dakota St,1.41,26.37
2015,1234,Iowa,19.02,1172,Davidson,15,4.02
2015,1242,Kansas,22.72,1308,New Mexico St,6.63,16.09
2015,1257,Louisville,21.21,1414,UC Irvine,7.09,14.12
2015,1268,Maryland,15.68,1434,Valparaiso,11.13,4.55
2015,1277,Michigan St,21.72,1208,Georgia,15.09,6.63
2015,1320,Northern Iowa,20.98,1461,Wyoming,5.67,15.31
2015,1328,Oklahoma,22.8,1107,Albany NY,0,22.8
2015,1332,Oregon,13.88,1329,Oklahoma St,14.92,-1.04
2015,1361,San Diego St,15.95,1385,St John's,13.7,2.25
2015,1438,Virginia,30.06,1125,Belmont,2.27,27.79
2015,1452,West Virginia,17.64,1138,Buffalo,11.87,5.77
2015,1455,Wichita St,22.21,1231,Indiana,13.83,8.38
2015,1458,Wisconsin,33.72,1157,Coastal Car,2.38,31.34
2015,1112,Arizona,32.36,1326,Ohio St,20.75,11.61
2015,1246,Kentucky,36.91,1153,Cincinnati,14.15,22.76
2015,1301,NC State,15.93,1437,Villanova,30.65,-14.72
2015,1314,North Carolina,23.85,1116,Arkansas,0,23.85
2015,1323,Notre Dame,24.96,1139,Butler,20.09,4.87
2015,1417,UCLA,14.65,1412,UAB,3.06,11.59
2015,1428,Utah,27.24,1207,Georgetown,19.13,8.11
2015,1462,Xavier,19.49,1209,Georgia St,10.32,9.17
2015,1181,Duke,32.48,1361,San Diego St,15.95,16.53
2015,1211,Gonzaga,27.78,1234,Iowa,19.02,8.76
2015,1257,Louisville,21.21,1320,Northern Iowa,20.98,0.23
2015,1277,Michigan St,21.72,1438,Virginia,30.06,-8.34
2015,1328,Oklahoma,22.8,1173,Dayton,14.24,8.56
2015,1452,West Virginia,17.64,1268,Maryland,15.68,1.96
2015,1455,Wichita St,22.21,1242,Kansas,22.72,-0.51
2015,1458,Wisconsin,33.72,1332,Oregon,13.88,19.84
2015,1112,Arizona,32.36,1462,Xavier,19.49,12.87
2015,1246,Kentucky,36.91,1452,West Virginia,17.64,19.27
2015,1323,Notre Dame,24.96,1455,Wichita St,22.21,2.75
2015,1458,Wisconsin,33.72,1314,North Carolina,23.85,9.87
2015,1181,Duke,32.48,1428,Utah,27.24,5.24
2015,1211,Gonzaga,27.78,1417,UCLA,14.65,13.13
2015,1257,Louisville,21.21,1301,NC State,15.93,5.28
2015,1277,Michigan St,21.72,1328,Oklahoma,22.8,-1.08
2015,1246,Kentucky,36.91,1323,Notre Dame,24.96,11.95
2015,1458,Wisconsin,33.72,1112,Arizona,32.36,1.36
2015,1181,Duke,32.48,1211,Gonzaga,27.78,4.7
2015,1277,Michigan St,21.72,1257,Louisville,21.21,0.51
2015,1181,Duke,32.48,1277,Michigan St,21.72,10.76
2015,1458,Wisconsin,33.72,1246,Kentucky,36.91,-3.19
2015,1181,Duke,32.48,1458,Wisconsin,33.72,-1.24
2016,1195,FL Gulf Coast,-0.08,1192,F Dickinson,-10.63,10.55
2016,1455,Wichita St,22.53,1435,Vanderbilt,18.76,3.77
2016,1221,Holy Cross,-11.39,1380,Southern Univ,-5.75,-5.64
2016,1276,Michigan,14.15,1409,Tulsa,11.5,2.65
2016,1114,Ark Little Rock,10.45,1345,Purdue,23.85,-13.4
2016,1139,Butler,17.27,1403,Texas Tech,13.78,3.49
2016,1163,Connecticut,18.71,1160,Colorado,12.91,5.8
2016,1181,Duke,21.87,1423,UNC Wilmington,9.21,12.66
2016,1211,Gonzaga,20.82,1371,Seton Hall,0,20.82
2016,1231,Indiana,23.05,1151,Chattanooga,6.5,16.55
2016,1235,Iowa St,20.95,1233,Iona,7.13,13.82
2016,1242,Kansas,29.67,1122,Austin Peay,-5.1,34.77
2016,1246,Kentucky,25.14,1392,Stony Brook,8.13,17.01
2016,1274,Miami FL,22.44,1138,Buffalo,2.95,19.49
2016,1314,North Carolina,29.82,1195,FL Gulf Coast,-0.08,29.9
2016,1344,Providence,14.49,1425,USC,14.25,0.24
2016,1428,Utah,16.79,1201,Fresno St,6.63,10.16
2016,1438,Virginia,29.64,1214,Hampton,-7.4,37.04
2016,1455,Wichita St,22.53,1112,Arizona,20.97,1.56
2016,1463,Yale,14.33,1124,Baylor,19.06,-4.73
2016,1218,Hawaii,10,1143,California,18.32,-8.32
2016,1234,Iowa,20.24,1396,Temple,8.82,11.42
2016,1268,Maryland,20.25,1355,S Dakota St,10.1,10.15
2016,1292,MTSU,4.76,1277,Michigan St,27.97,-23.21
2016,1320,Northern Iowa,11.13,1400,Texas,16.19,-5.06
2016,1323,Notre Dame,16.6,1276,Michigan,14.15,2.45
2016,1328,Oklahoma,23.78,1167,CS Bakersfield,6.26,17.52
2016,1332,Oregon,22.68,1221,Holy Cross,-11.39,34.07
2016,1372,SF Austin,15.62,1452,West Virginia,24.45,-8.83
2016,1386,St Joseph's PA,15.37,1153,Cincinnati,17.06,-1.69
2016,1393,Syracuse,18.57,1173,Dayton,12.63,5.94
2016,1401,Texas A&M,21.26,1453,WI Green Bay,3.74,17.52
2016,1433,VA Commonwealth,17.07,1333,Oregon St,11.65,5.42
2016,1437,Villanova,32.01,1421,UNC Asheville,3.44,28.57
2016,1458,Wisconsin,16.55,1338,Pittsburgh,16.6,-0.05
2016,1462,Xavier,22.52,1451,Weber St,2.45,20.07
2016,1181,Duke,21.87,1463,Yale,14.33,7.54
2016,1211,Gonzaga,20.82,1428,Utah,16.79,4.03
2016,1231,Indiana,23.05,1246,Kentucky,25.14,-2.09
2016,1235,Iowa St,20.95,1114,Ark Little Rock,10.45,10.5
2016,1242,Kansas,29.67,1163,Connecticut,18.71,10.96
2016,1274,Miami FL,22.44,1455,Wichita St,22.53,-0.09
2016,1314,North Carolina,29.82,1344,Providence,14.49,15.33
2016,1438,Virginia,29.64,1139,Butler,17.27,12.37
2016,1268,Maryland,20.25,1218,Hawaii,10,10.25
2016,1323,Notre Dame,16.6,1372,SF Austin,15.62,0.98
2016,1328,Oklahoma,23.78,1433,VA Commonwealth,17.07,6.71
2016,1332,Oregon,22.68,1386,St Joseph's PA,15.37,7.31
2016,1393,Syracuse,18.57,1292,MTSU,4.76,13.81
2016,1401,Texas A&M,21.26,1320,Northern Iowa,11.13,10.13
2016,1437,Villanova,32.01,1234,Iowa,20.24,11.77
2016,1458,Wisconsin,16.55,1462,Xavier,22.52,-5.97
2016,1242,Kansas,29.67,1268,Maryland,20.25,9.42
2016,1328,Oklahoma,23.78,1401,Texas A&M,21.26,2.52
2016,1332,Oregon,22.68,1181,Duke,21.87,0.81
2016,1437,Villanova,32.01,1274,Miami FL,22.44,9.57
2016,1314,North Carolina,29.82,1231,Indiana,23.05,6.77
2016,1323,Notre Dame,16.6,1458,Wisconsin,16.55,0.05
2016,1393,Syracuse,18.57,1211,Gonzaga,20.82,-2.25
2016,1438,Virginia,29.64,1235,Iowa St,20.95,8.69
2016,1328,Oklahoma,23.78,1332,Oregon,22.68,1.1
2016,1437,Villanova,32.01,1242,Kansas,29.67,2.34
2016,1314,North Carolina,29.82,1323,Notre Dame,16.6,13.22
2016,1393,Syracuse,18.57,1438,Virginia,29.64,-11.07
2016,1314,North Carolina,29.82,1393,Syracuse,18.57,11.25
2016,1437,Villanova,32.01,1328,Oklahoma,23.78,8.23
2016,1437,Villanova,32.01,1314,North Carolina,29.82,2.19
2017,1243,Kansas St,17.44,1448,Wake Forest,16.25,1.19
2017,1291,Mt St Mary's,15,1309,New Orleans,-0.52,15.52
2017,1413,UC Davis,-4.41,1300,NC Central,0.36,-4.77
2017,1425,USC,13.45,1344,Providence,0,13.45
2017,1112,Arizona,23.31,1315,North Dakota,0.04,23.27
2017,1139,Butler,20.76,1457,Winthrop,4.53,16.23
2017,1196,Florida,27.5,1190,ETSU,11.1,16.4
2017,1199,Florida St,20.06,1195,FL Gulf Coast,5.07,14.99
2017,1211,Gonzaga,32.05,1355,S Dakota St,9.8,22.25
2017,1235,Iowa St,23.45,1305,Nevada,13.31,10.14
2017,1292,MTSU,14.95,1278,Minnesota,16,-1.05
2017,1321,Northwestern,15.81,1435,Vanderbilt,16.53,-0.72
2017,1323,Notre Dame,19.74,1343,Princeton,12.61,7.13
2017,1345,Purdue,23.12,1436,Vermont,11.67,11.45
2017,1388,St Mary's CA,23.67,1433,VA Commonwealth,14.07,9.6
2017,1437,Villanova,29.88,1291,Mt St Mary's,15,14.88
2017,1438,Virginia,24.29,1423,UNC Wilmington,12.46,11.83
2017,1452,West Virginia,27.17,1137,Bucknell,9.38,17.79
2017,1458,Wisconsin,22.99,1439,Virginia Tech,13.8,9.19
2017,1462,Xavier,16.7,1268,Maryland,14.34,2.36
2017,1116,Arkansas,16.25,1371,Seton Hall,13.63,2.62
2017,1124,Baylor,24.23,1308,New Mexico St,7.89,16.34
2017,1153,Cincinnati,22.18,1243,Kansas St,17.44,4.74
2017,1181,Duke,24.17,1407,Troy,2.04,22.13
2017,1242,Kansas,27.45,1413,UC Davis,-4.41,31.86
2017,1246,Kentucky,27.72,1297,N Kentucky,1.91,25.81
2017,1257,Louisville,25.51,1240,Jacksonville St,0.63,24.88
2017,1276,Michigan,23.05,1329,Oklahoma St,22.48,0.57
2017,1277,Michigan St,15.51,1274,Miami FL,15.03,0.48
2017,1314,North Carolina,28.22,1411,TX Southern,-4.04,32.26
2017,1332,Oregon,25.02,1233,Iona,4.2,20.82
2017,1348,Rhode Island,16.26,1166,Creighton,18.83,-2.57
2017,1376,South Carolina,20.8,1266,Marquette,16.58,4.22
2017,1417,UCLA,23.63,1245,Kent,1.68,21.95
2017,1425,USC,13.45,1374,SMU,24.73,-11.28
2017,1455,Wichita St,26.14,1173,Dayton,15.57,10.57
2017,1112,Arizona,23.31,1388,St Mary's CA,23.67,-0.36
2017,1139,Butler,20.76,1292,MTSU,14.95,5.81
2017,1196,Florida,27.5,1438,Virginia,24.29,3.21
2017,1211,Gonzaga,32.05,1321,Northwestern,15.81,16.24
2017,1345,Purdue,23.12,1235,Iowa St,23.45,-0.33
2017,1452,West Virginia,27.17,1323,Notre Dame,19.74,7.43
2017,1458,Wisconsin,22.99,1437,Villanova,29.88,-6.89
2017,1462,Xavier,16.7,1199,Florida St,20.06,-3.36
2017,1124,Baylor,24.23,1425,USC,13.45,10.78
2017,1242,Kansas,27.45,1277,Michigan St,15.51,11.94
2017,1246,Kentucky,27.72,1455,Wichita St,26.14,1.58
2017,1276,Michigan,23.05,1257,Louisville,25.51,-2.46
2017,1314,North Carolina,28.22,1116,Arkansas,16.25,11.97
2017,1332,Oregon,25.02,1348,Rhode Island,16.26,8.76
2017,1376,South Carolina,20.8,1181,Duke,24.17,-3.37
2017,1417,UCLA,23.63,1153,Cincinnati,22.18,1.45
2017,1211,Gonzaga,32.05,1452,West Virginia,27.17,4.88
2017,1242,Kansas,27.45,1345,Purdue,23.12,4.33
2017,1332,Oregon,25.02,1276,Michigan,23.05,1.97
2017,1462,Xavier,16.7,1112,Arizona,23.31,-6.61
2017,1196,Florida,27.5,1458,Wisconsin,22.99,4.51
2017,1246,Kentucky,27.72,1417,UCLA,23.63,4.09
2017,1314,North Carolina,28.22,1139,Butler,20.76,7.46
2017,1376,South Carolina,20.8,1124,Baylor,24.23,-3.43
2017,1211,Gonzaga,32.05,1462,Xavier,16.7,15.35
2017,1332,Oregon,25.02,1242,Kansas,27.45,-2.43
2017,1314,North Carolina,28.22,1246,Kentucky,27.72,0.5
2017,1376,South Carolina,20.8,1196,Florida,27.5,-6.7
2017,1211,Gonzaga,32.05,1376,South Carolina,20.8,11.25
2017,1314,North Carolina,28.22,1332,Oregon,25.02,3.2
2017,1314,North Carolina,28.22,1211,Gonzaga,32.05,-3.83
2018,1347,Radford,0.07,1254,Long Island,0,0
2018,1382,St. Bonaventure,11.21,1417,UCLA,13.52,11.21
2018,1393,Syracuse,14.82,1113,Arizona St,14.13,0.69
2018,1411,TX Southern,-6.65,1300,NC Central,-5,-1.65
2018,1104,Alabama,13.41,1439,Virginia Tech,16.03,-2.62
2018,1138,Buffalo,11.53,1112,Arizona,17.7,-6.17
2018,1181,Duke,28.86,1233,Iona,2.63,26.23
2018,1196,Florida,18.96,1382,St. Bonaventure,11.21,7.75
2018,1211,Gonzaga,23.03,1422,UNC Greensboro,9.22,13.81
2018,1222,Houston,20.24,1361,San Diego St,14.09,6.15
2018,1242,Middle Tennessee,14.68,1335,Penn,3.69,10.99
2018,1246,Kentucky,20.44,1172,Davidson,14.7,5.74
2018,1260,Loyola-Chicago,16.39,1274,Miami FL,15.43,0.96
2018,1276,Michigan,24.2,1285,Montana,10.4,13.8
2018,1326,Ohio St,21.16,1355,S Dakota St,10,11.16
2018,1348,Rhode Island,13.93,1328,Oklahoma,14.16,-0.23
2018,1371,Seton Hall,18.04,1301,NC State,5,13.04
2018,1397,Tennessee,22.27,1460,Wright St,2.89,19.38
2018,1403,Texas Tech,22.59,1372,SF Austin,5.58,17.01
2018,1437,Villanova,33.76,1347,Radford,0.07,33.69
2018,1120,Auburn,18.69,1158,Col Charleston,5,13.69
2018,1139,Butler,19.05,1116,Arkansas,14.69,4.36
2018,1153,Cincinnati,26.6,1209,Georgia St,6.92,19.68
2018,1155,Clemson,21.65,1308,New Mexico St,12.92,8.73
2018,1199,Florida St,17.77,1281,Missouri,14.83,2.94
2018,1243,Kansas St,14.77,1166,Creighton,16.91,-2.14
2018,1267,Marshall,6.53,1455,Wichita St,19.03,-12.5
2018,1277,Michigan St,25.41,1137,Bucknell,7.31,18.1
2018,1305,Nevada,18.39,1400,Texas,15.43,2.96
2018,1314,North Carolina,23.59,1252,Lipscomb,0.43,23.16
2018,1345,Purdue,26.27,1168,CS Fullerton,7,19.27
2018,1393,Syracuse,14.82,1395,TCU,18.47,-3.65
2018,1401,Texas A&M,16.96,1344,Providence,12.17,4.79
2018,1420,UMBC,0.5,1438,Virginia,29.53,-29.03
2018,1452,West Virginia,22.44,1293,Murray St,12.19,10.25
2018,1462,Xavier,21.51,1411,TX Southern,-6.65,28.16
2018,1181,Duke,28.86,1348,Rhode Island,13.93,14.93
2018,1211,Gonzaga,23.03,1326,Middle Tennessee,14.68,8.35
2018,1242,Kansas,23.49,1371,Seton Hall,18.04,5.45
2018,1246,Kentucky,20.44,1138,Buffalo,11.53,8.91
2018,1260,Loyola-Chicago,16.39,1397,Tennessee,22.27,-5.88
2018,1276,Michigan,24.2,1222,Houston,20.24,3.96
2018,1403,Texas Tech,22.59,1196,Florida,18.96,3.63
2018,1437,Villanova,33.76,1104,Alabama,13.41,20.35
2018,1155,Clemson,21.65,1120,Auburn,18.69,2.96
2018,1199,Florida St,17.77,1462,Xavier,21.51,-3.74
2018,1243,Kansas St,14.77,1420,UMBC,0.5,14.27
2018,1305,Nevada,18.39,1153,Cincinnati,26.6,-8.21
2018,1345,Purdue,26.27,1139,Butler,19.05,7.22
2018,1393,Syracuse,14.82,1277,Michigan St,25.41,-10.59
2018,1401,Texas A&M,16.96,1314,North Carolina,23.59,-6.63
2018,1452,West Virginia,22.44,1267,Marshall,6.53,15.91
2018,1199,Florida St,17.77,1211,Gonzaga,23.03,-5.26
2018,1243,Kansas St,14.77,1246,Kentucky,20.44,-5.67
2018,1260,Loyola-Chicago,16.39,1305,Nevada,18.39,-2
2018,1276,Michigan,24.2,1401,Texas A&M,16.96,7.24
2018,1181,Duke,28.86,1393,Syracuse,14.82,14.04
2018,1242,Kansas,23.49,1155,Clemson,21.65,1.84
2018,1403,Texas Tech,22.59,1345,Purdue,26.27,-3.68
2018,1437,Villanova,33.76,1452,West Virginia,22.44,11.32
2018,1260,Loyola-Chicago,16.39,1243,Kansas St,14.77,1.62
2018,1276,Michigan,24.2,1199,Florida St,17.77,6.43
2018,1242,Kansas,23.49,1181,Duke,28.86,-5.37
2018,1437,Villanova,33.76,1403,Texas Tech,22.59,11.17
2018,1276,Michigan,24.2,1260,Loyola-Chicago,16.39,7.81
2018,1437,Villanova,33.76,1242,Kansas,23.49,10.27
2018,1437,Villanova,33.76,1276,Michigan,24.2,9.56